Student Name,Bangla,English,Math,ICT,Pass
Michele Alexander,82,90,43,58,1
Joel Allen,41,41,32,66,0
Samantha Ortiz,85,50,69,58,1
Brandy Gray,37,38,68,33,0
Laura Wilson,94,63,64,41,1
Karl Duncan,59,57,70,45,1
Amanda Johnson,54,55,91,46,1
Daniel Hill,83,98,65,32,1
Denise Mitchell,39,95,30,58,1
Chase Roman,95,47,65,76,1
Kristen Davis,68,88,81,87,1
Eugene Sandoval,69,67,47,54,1
Shirley Mcintosh,30,79,30,42,0
Melissa Knapp,85,30,82,32,1
James Lewis,70,86,33,100,1
Melinda Moreno,34,37,53,51,0
Ashley Cruz,66,77,67,57,1
Timothy Johnson,68,60,44,35,1
Joel Spears,91,96,72,58,1
Billy Cox DVM,79,38,80,51,1
Jason Smith DDS,85,56,98,81,1
Charles Vasquez,88,30,30,59,1
Shelley Carter,100,76,72,63,1
Jessica Huff,72,92,75,61,1
Scott Blevins,92,55,47,56,1
Carla Mayo,63,65,30,54,1
Amy Yoder,46,83,33,98,1
Carrie Pacheco,30,90,82,98,1
Jonathan Taylor,32,94,33,60,1
Tammy Booth,50,49,96,92,1
Nancy Carroll,91,76,35,37,1
Noah Vasquez,88,94,61,39,1
Timothy Cox,35,97,78,77,1
James Jones,98,89,65,39,1
William Ford,42,71,67,77,1
Karen Holt,36,100,30,74,1
Ronald Bright,71,96,70,85,1
Lori Ramirez,63,83,76,85,1
Stephanie Leblanc,31,59,65,44,0
Joshua Taylor,98,86,80,70,1
Kyle Michael,89,98,67,90,1
Austin Hernandez,66,92,60,58,1
Robert Riley,30,78,43,48,0
Ann Goodwin,57,83,66,45,1
Theresa Webster,96,40,38,77,1
Joanna Griffith,54,88,70,81,1
Eric Norman,49,43,53,47,0
Wendy Oliver,81,42,78,72,1
Michael Brown,54,45,51,41,0
Monica Gibson,62,53,65,34,1
David Shaffer,59,37,90,43,1
Steven Anderson,46,64,92,98,1
Gwendolyn Gonzalez,98,43,33,45,1
Christopher Oliver,61,76,80,69,1
Kirk Oconnor,96,69,57,32,1
Samuel Ryan,62,83,93,73,1
Monica Wilson,72,99,42,75,1
Natalie Johnson,58,61,43,97,1
Julie Coleman,43,79,48,87,1
Joyce Crawford,100,96,40,68,1
Amy Cortez,94,100,37,98,1
Christina Perez,44,85,34,67,1
Steven Rivera,44,72,42,59,1
Susan Thomas,94,92,40,80,1
Sara Lucero,37,85,92,45,1
James Singh,52,88,100,41,1
Natalie Mendoza,40,88,88,77,1
Monica Brown,53,81,54,64,1
Gina Jackson,35,87,39,91,1
Samantha Mcclure,40,30,87,76,1
Eric Morrison,34,99,85,76,1
Jeff Dominguez,73,92,47,72,1
Lisa Brown,38,86,66,96,1
Nicole Nguyen,100,72,100,56,1
Anthony Foster,31,88,83,60,1
Erin Nielsen,42,52,88,63,1
Courtney Davidson,81,58,99,95,1
Mrs. Jennifer Bradshaw,49,36,48,84,1
Steven Lamb,80,88,55,52,1
John Moyer,51,65,77,88,1
Julie Rodriguez,96,45,76,58,1
Susan Smith,75,34,89,83,1
Tyler Moore,41,55,42,55,0
Cynthia Galloway,30,55,80,74,1
Julie Hernandez,63,53,79,31,1
Michelle Blackwell,92,90,40,54,1
Aaron Tyler,57,79,84,96,1
Andrea Perez,35,55,99,61,1
Isaiah Campbell,59,85,94,72,1
Jessica Reynolds,35,99,83,39,1
George Harvey,86,76,100,51,1
Jill Barnes,40,41,33,62,0
Heather Brock,44,64,96,93,1
William Ramos,47,97,41,74,1
Jordan Phillips,93,95,62,78,1
Rachel Davenport,82,53,38,33,1
Amber Wolfe,87,57,55,50,1
Stacie Frederick,74,96,85,95,1
Keith Lee,59,64,97,75,1
Kristine Jenkins,64,80,71,33,1
David Mitchell,73,87,42,79,1
Susan Kelley,65,52,37,32,0
Bridget Garcia,83,100,69,87,1
Melinda George,72,67,50,79,1
Heather Blair,36,55,40,32,0
Erika Joseph,59,90,100,55,1
Anna Thompson,43,33,63,90,1
Dr. John Mcdonald,57,32,84,71,1
John Guerrero,89,32,61,60,1
Aimee Herrera,85,33,65,77,1
Justin Wilson,92,33,90,46,1
Kevin Gomez,62,70,63,52,1
Sara Johnson,30,73,67,48,1
Lynn Hopkins,89,32,79,45,1
Larry Byrd,52,46,52,98,1
Heather Farmer,40,68,94,34,1
James Pope,88,68,70,56,1
Sierra Leach,78,82,92,49,1
Jill Johnson,93,31,30,75,1
Debbie Allen,80,51,73,44,1
David Lopez,92,89,55,75,1
Rachel Reyes,37,70,58,93,1
Melissa Freeman,59,82,92,45,1
Brandon Long,36,33,79,94,1
Richard Smith,36,52,71,57,1
Stephanie Hoffman,93,68,64,44,1
Darin Strickland,39,34,83,66,1
Andrew Harris,33,32,67,62,0
Lauren Russell,99,45,47,88,1
Carol Sweeney,44,83,48,50,1
Cody Hill,99,44,32,47,1
Amanda Cooper,79,59,74,65,1
Allen Jones,100,69,97,85,1
Carol Barnes,74,74,98,69,1
Haley Stewart,32,94,46,64,1
Nathan Woodard,84,65,37,48,1
David Johnson,98,63,46,72,1
Kristi Porter,71,55,97,67,1
Stephanie Williams,100,87,66,35,1
Hailey Cunningham,78,72,79,71,1
Wendy Dixon,43,48,61,73,1
Erik Hayes,81,68,93,33,1
Paul Freeman,92,36,94,55,1
Michael Mitchell,70,84,95,71,1
Mr. Matthew Mcclure,49,34,75,55,1
Allen Horton,97,87,34,100,1
Martha Ellis,88,86,59,64,1
Michelle Parks,41,41,96,36,1
Michael Rosales,88,63,79,86,1
Deborah Santana,57,38,34,35,0
Blake Roberts,91,49,75,99,1
Rhonda Gomez,78,85,62,96,1
Jimmy Gilbert,89,59,70,55,1
John Cochran,40,66,90,31,1
Todd Murray,97,70,64,59,1
Juan Brooks,58,61,30,37,0
Melissa Morris,100,87,81,41,1
Angela Morales,57,89,35,47,1
Taylor Collins,99,91,79,37,1
Emily Harrison,33,34,50,57,0
Alan Marshall,75,85,63,38,1
Emily Goodman,39,32,98,76,1
Heather Weeks,81,77,31,83,1
Scott Davis,86,51,95,65,1
Lori Hood,99,45,41,73,1
Rhonda Haynes,56,64,73,87,1
Charles Collins,79,75,77,63,1
Jackie Odonnell,58,42,91,98,1
William Brown,74,48,54,84,1
William Caldwell,34,63,55,81,1
Jennifer Jordan,78,85,92,32,1
Alexandra Parker,33,88,33,82,1
Haley Smith,43,32,30,72,0
John Clark,86,45,92,79,1
Stephanie Mills,65,48,87,60,1
Nicholas Fernandez,94,54,84,32,1
Kimberly Green,67,31,72,76,1
Jennifer Edwards,54,46,55,92,1
Ashley Kramer,89,40,50,53,1
Melissa Williams,88,51,69,62,1
Nathan King,78,35,39,55,1
Kimberly Hill,30,96,90,79,1
Patrick Phillips,100,59,35,49,1
Austin Adams,82,43,100,84,1
Beth Allen,67,35,36,32,0
Amy Gray,50,74,30,51,1
Kayla Navarro,53,42,70,78,1
Charles Mcclure,51,67,46,31,0
Melanie Stevens,73,31,63,75,1
Lauren Cook,92,31,30,92,1
Dana Willis,70,31,80,74,1
John Zhang,31,51,75,65,1
Kimberly Strickland,70,50,87,84,1
Michael Fisher,68,95,39,72,1
Bobby Kim,85,46,86,58,1
Eric Hayes,79,66,98,43,1
Jennifer Allen,33,34,94,66,1
Darren Atkins,62,97,61,30,1
Benjamin Gonzalez Jr.,43,32,71,86,1
Victoria Maxwell,32,39,75,72,1
Stephanie Baker,49,84,50,37,1
Kenneth Bell,86,76,62,84,1
Justin Manning,60,56,80,71,1
Kimberly Turner,60,66,38,78,1
Gregory Stone DDS,48,34,93,85,1
Robert Clark DDS,76,63,45,82,1
Lauren Long,45,58,97,91,1
Dr. Jason Williams,43,42,89,82,1
Jacob Rodriguez,59,74,72,75,1
Jennifer Morris,96,78,57,95,1
Elijah Jones,43,79,88,74,1
Jason Brown,96,68,41,81,1
Phillip Spencer,42,78,94,91,1
Shannon Dean,54,69,86,42,1
Sonia Haley,83,36,78,86,1
Heather Richardson,55,86,56,68,1
Kenneth Ramirez,32,46,69,60,1
Christine Guerrero,69,46,59,42,1
Christopher Bennett,39,50,51,49,0
Frank Lee,39,81,67,69,1
Christopher Brown,46,88,94,78,1
Christina Johnson,73,70,62,63,1
Dr. Angela Marquez PhD,92,89,67,79,1
Dr. Meghan Lewis,34,36,81,66,1
Stacey Davidson,92,42,92,31,1
Ricardo Powell,56,32,69,54,1
Daniel Gilbert,51,69,85,83,1
Scott Parker,79,45,61,81,1
Timothy Murray,96,46,90,38,1
Gene Miller,53,31,92,93,1
Brittany Morris,78,88,76,64,1
Charles Pratt,57,57,72,98,1
Thomas Hicks,66,93,47,55,1
Maria Wright,86,62,93,65,1
Nichole Miller,40,69,96,81,1
Ryan Cook,92,74,94,68,1
Jennifer Brown,93,95,91,41,1
Kyle Price,94,96,46,55,1
Julie Hunter DDS,70,65,93,98,1
David Duffy,63,74,80,36,1
Jon Rojas,50,90,74,61,1
Kyle Macdonald,34,77,69,40,1
Ashley Pruitt,46,57,59,57,1
Jeffrey Harris,93,69,82,88,1
Ryan Young,33,78,72,30,1
Charlotte Nichols,55,44,91,48,1
Ashley Ross,55,62,44,79,1
Diane Meyer,67,55,81,57,1
Joshua Johnson,52,54,90,56,1
Lisa Russell,78,31,56,55,1
Jane Jackson,81,54,90,70,1
Jenna Crosby,77,33,100,55,1
Alexis Edwards,35,36,64,73,1
Nicole Bailey,89,87,56,65,1
Amanda Allen,33,41,40,60,0
Steven Short,35,70,71,82,1
Steven Green,45,32,48,55,0
Hannah Mullen,64,98,34,40,1
Leslie Schmidt,66,82,34,74,1
Meghan Sutton,87,30,44,67,1
Christopher Contreras,53,70,68,63,1
Scott Jones,98,94,73,99,1
Danielle Hoffman,69,62,84,42,1
Patricia Mitchell,42,32,35,100,1
Desiree Miller,64,37,63,95,1
Stephanie Landry,31,72,75,83,1
Lauren Clark,51,62,67,33,1
Brittany Hubbard,90,79,76,50,1
Maria Santiago,66,89,78,57,1
Ashley Green,45,58,52,51,1
Juan Olson,92,100,70,80,1
Kevin Rodriguez,89,68,67,42,1
Nathan Bell,97,91,70,35,1
Kelly Mendoza,32,94,42,57,1
Christopher Gaines,30,48,73,53,1
Kenneth Martinez,86,74,44,34,1
Danielle Duarte,98,47,36,50,1
Margaret Graves,45,68,97,42,1
Nichole Tate,82,81,74,38,1
Theresa Farrell MD,33,58,69,92,1
Sherri Atkins,75,70,85,64,1
Brian Drake,62,56,65,38,1
Dylan Jackson,39,83,60,36,1
Nicole Rodriguez,31,100,48,72,1
Amber Allen,98,40,98,79,1
Bobby Fox,66,40,64,71,1
Grace Smith,75,75,81,49,1
Hunter Skinner,54,49,31,92,1
Jason Torres DDS,88,64,97,31,1
Mark Mayer,50,55,44,85,1
Robert Cline,69,88,52,97,1
Calvin Rice,72,100,34,88,1
Kenneth Cruz,43,53,50,82,1
Derek Long,81,90,63,34,1
Dr. Aaron Goodwin DVM,68,46,74,45,1
Kirk Logan,43,65,32,92,1
Donald Arnold,59,89,42,74,1
Heidi Lara,41,92,48,81,1
Victoria Pratt,53,57,62,75,1
Cynthia Cooper,92,51,35,55,1
Christopher Zimmerman,74,62,40,51,1
Beverly Curtis,57,81,33,47,1
Meagan Wilson,82,40,61,94,1
Alexis Atkins,56,51,35,67,1
Lisa Clark,70,75,82,40,1
Dillon Sims,99,71,37,34,1
Jesse Phelps,45,34,79,74,1
Danielle Jones,93,82,74,72,1
Sergio Mcmillan,85,44,57,39,1
Samantha Peterson,92,35,34,63,1
Jeffrey Mcintyre,72,71,31,39,1
David Cantu,100,70,81,57,1
David Phillips,31,48,49,50,0
Mary Baker,63,70,75,40,1
Dr. Jane Pollard,39,94,79,71,1
Stacy Smith,85,78,84,50,1
Terry Long,59,94,80,57,1
Tiffany Jackson,31,67,100,73,1
Christine Hunt,88,84,43,90,1
Dr. Katherine Gonzalez DDS,40,42,85,53,1
Alyssa Fletcher,62,50,68,64,1
Isabel Montoya,55,30,79,38,1
Nicole Casey,96,30,47,54,1
Lori Bennett,76,88,53,43,1
Philip Vazquez,73,67,67,64,1
James Hodge,92,66,100,31,1
Ebony Wagner,80,31,50,85,1
Catherine King,30,85,30,68,1
Clayton Williams,46,72,70,58,1
Patrick Klein,92,57,94,84,1
Steven Perez,76,85,73,44,1
Ryan Howell,66,68,70,94,1
Tracey Hines,80,89,69,72,1
Alex Mills,86,83,63,38,1
Brianna Cruz,64,46,72,33,1
Rachel Ryan,72,100,83,63,1
Frank Mccormick,61,71,89,55,1
Joseph Harris,74,46,62,69,1
Tiffany Lynn,51,57,66,95,1
Ronald Gallagher,85,32,33,30,0
Brenda Martinez,92,75,63,31,1
Michelle Weber,80,40,39,88,1
Juan Carrillo,40,84,57,42,1
Ryan Buck,96,54,59,32,1
Dale Wilson,46,46,99,63,1
James Webb,76,86,35,75,1
Justin Davidson,30,95,67,46,1
Charles Thompson,77,36,88,76,1
Monica Terrell,57,64,30,70,1
Sarah Collins,84,76,47,54,1
Maria Mack,48,42,69,92,1
Michael Quinn,41,85,30,52,1
Richard Joseph,87,60,47,46,1
Gloria Black,96,36,66,31,1
Justin Rios,49,99,95,63,1
Kelly Davis,53,81,60,73,1
Cindy Smith,79,54,82,57,1
Scott Rojas,35,78,91,86,1
Brent Mcgee,64,95,38,81,1
Barry Coleman,54,90,68,74,1
Amber Williams,43,57,80,46,1
Mitchell Howard,96,65,61,80,1
James Logan,56,61,75,64,1
Jason Rodriguez,67,42,71,32,1
Alicia Davis,33,80,74,30,1
Renee Gonzalez,31,42,68,32,0
Christopher Robertson,85,49,40,76,1
Joseph Hamilton,61,81,36,83,1
Ms. Vanessa Neal,84,50,95,76,1
David Cox,53,86,84,41,1
Tiffany Woods,98,46,84,63,1
Jeffery Roth,99,75,72,35,1
Sarah Hull,98,43,61,83,1
Lauren Clark,87,40,56,31,1
Dakota Stephenson,61,31,80,66,1
Zachary Jensen,53,52,49,33,0
Caleb Little,65,88,43,46,1
Ryan Washington,35,44,35,88,1
Miranda Brown,45,80,91,54,1
William Elliott,60,88,41,40,1
Mr. Lucas Cooper,87,78,61,97,1
Charles Carter,95,76,81,61,1
Chad Castillo,44,86,44,53,1
David Hudson,71,88,73,33,1
Ashley Long,85,53,99,43,1
Shari Solis,38,93,59,58,1
Ashley Huang,54,72,33,86,1
Stephanie Scott,91,77,36,36,1
Heather Garcia,90,100,94,91,1
Michael Salazar,76,57,82,100,1
Robert Arnold,68,45,74,41,1
Phillip Young,63,73,36,36,1
Michele Rogers,49,30,42,61,0
David Roberts,59,60,65,53,1
Eric Johnson,42,63,68,45,1
Patricia Wilson,96,97,40,93,1
Kelsey Martin MD,75,32,31,58,0
Darren Marks,94,87,80,97,1
Kristin Martin,51,39,45,57,0
Jennifer Vance,78,63,60,60,1
Allison Crane PhD,82,53,93,95,1
Brandon Jones,74,35,62,37,1
Jay Mccoy,68,43,97,68,1
Stephanie Ramirez,84,38,62,83,1
Lauren Hoffman,64,84,61,85,1
Sarah Curry,48,61,65,37,1
Paige Zamora,95,56,94,76,1
Wendy Brady,87,32,75,48,1
Mr. Jose Griffin,31,80,48,57,1
Amanda Anderson,75,98,35,69,1
Amber Hays,37,59,42,71,1
Alyssa Aguilar,72,44,83,63,1
Mitchell Anderson,88,64,47,44,1
Rebecca Thomas,64,85,51,67,1
Miss Lori Peters MD,95,94,30,34,1
Daniel Brown Jr.,43,33,70,73,1
Paul Miller,51,40,90,77,1
William Oconnor,98,70,42,83,1
Sean Massey,43,50,56,37,0
Sharon Simmons,96,81,99,83,1
Nicole Russell,69,34,79,80,1
Christopher Davis,88,72,89,70,1
Benjamin Reeves,100,50,57,33,1
Corey Turner,35,48,98,34,1
Calvin Cook,41,81,57,93,1
Jonathan Robinson,85,45,72,45,1
Joseph Rose,48,61,54,32,0
Tracy Hodges,62,84,51,81,1
Jessica Drake,81,92,90,82,1
Matthew Gutierrez,99,60,72,69,1
Sherry Boone,50,69,78,48,1
Michelle Mcmillan,73,41,92,55,1
Crystal Duke,79,34,36,68,1
Devin Carpenter,90,56,99,68,1
Franklin Martinez,56,82,62,77,1
Nicholas Hancock,63,76,43,96,1
Cory Thompson,60,69,77,59,1
Kristie Carroll,57,98,77,79,1
Reginald Zimmerman,56,86,92,65,1
Louis Dunlap,96,55,84,91,1
Stephen Greene,80,83,56,77,1
Stephen Blanchard,63,52,38,33,0
Steven Juarez,58,74,95,39,1
Marcus Gutierrez,88,69,90,34,1
Joseph Scott,67,98,94,79,1
Jennifer Kim,90,82,86,52,1
Kelly Christian,42,65,77,75,1
Dr. Michelle Griffin DDS,90,75,38,31,1
Emily Maddox,51,49,64,43,1
Bruce Payne,96,65,61,57,1
Nichole Chang,55,39,80,98,1
Kristina Ruiz,69,31,93,95,1
Tony Flores PhD,85,92,64,31,1
Kyle Castro,45,36,88,90,1
Margaret Hall,68,63,69,64,1
Carol Brown,95,35,40,38,1
Christine Irwin,90,87,90,63,1
Sean Rodriguez,93,52,71,64,1
Brenda Waters MD,77,96,72,89,1
David Ochoa,81,60,82,44,1
Cassidy Bowen,79,30,89,59,1
Amy Walker,41,39,88,31,0
Jacqueline Kelly,91,58,79,54,1
Jeffrey Todd,33,42,78,51,1
John Marsh,94,98,87,64,1
Adriana Conley,64,50,32,42,0
Paul Novak,64,94,42,71,1
Isaiah Miller DVM,83,58,61,100,1
Joseph Leonard,31,46,54,47,0
Fred Thompson,69,92,47,45,1
Rebecca Brown,89,82,37,37,1
Marie Howell,99,69,48,59,1
Jennifer Walls,93,98,96,30,1
Kyle Jackson,46,99,59,58,1
Angel Chang,77,34,84,39,1
John Paul,49,80,37,46,1
Annette Le,80,48,61,98,1
Felicia Clark,30,57,97,74,1
Anthony Ford,88,90,56,99,1
Michelle Ferrell,100,36,46,79,1
David Arellano,55,59,67,53,1
Antonio Orr,48,54,71,63,1
Deborah Howard PhD,46,38,76,77,1
Stacey Edwards,33,60,87,46,1
Christopher Johnson,87,39,87,48,1
Eric Hughes,55,63,87,65,1
Bryan Blair,100,98,74,36,1
Joseph Schneider,92,88,65,46,1
Adam Brewer,88,67,91,46,1
Laura Jenkins,79,43,30,38,0
Kara Tyler,32,82,37,73,1
Kristen Barnett,69,38,75,99,1
Elizabeth Singh,48,82,91,47,1
Daniel Pugh,98,57,80,73,1
Lawrence Taylor,48,61,69,57,1
Jo Woodard,75,84,33,38,1
Charles Wilson,47,91,46,71,1
Abigail Bailey,80,68,100,65,1
Ryan Page,70,30,95,58,1
Scott Parks,48,77,58,69,1
Mary White,38,81,32,97,1
Joshua Jones,30,97,49,59,1
Christopher Huff,64,93,82,55,1
Kathy Henderson,88,77,69,67,1
Jose Montgomery,53,99,57,31,1
Daniel Carlson,65,87,50,89,1
Lisa Cervantes,58,50,51,82,1
Joseph Fox,78,41,72,54,1
Ms. Allison Becker,39,47,30,84,1
Peter Lane,36,46,89,99,1
Christopher Dunn,78,70,36,37,1
Andres Jones,80,68,69,44,1
Courtney Rose,89,64,70,62,1
Darrell Webb,33,47,52,95,1
Austin Rose,58,69,68,39,1
Diana Waters,97,48,97,83,1
Justin Brown,74,85,81,88,1
Melissa Soto,34,84,58,100,1
Sara Brown,32,67,61,87,1
Daniel Sweeney,94,31,74,85,1
Nathan Briggs,92,93,94,94,1
Karen Calhoun,35,35,34,54,0
Carrie Williams,76,59,64,47,1
Paige Smith,73,96,82,92,1
Natasha Howell,91,81,47,35,1
Andrew Ryan,71,38,68,54,1
Fred Alvarado,35,69,79,57,1
Renee Mendez,95,37,52,87,1
Jennifer Bailey,75,62,64,44,1
Manuel Richardson,56,93,41,51,1
Sarah Hess,53,89,59,36,1
Teresa James,68,54,71,83,1
Crystal Phillips,58,78,38,35,1
Stephen Castillo,51,63,39,45,0
Mathew Paul,70,86,93,91,1
Glenda Shepherd,82,73,48,92,1
Shannon Shelton,98,96,55,40,1
Andrea Miller,92,100,96,41,1
Jacqueline Gonzalez,82,32,74,81,1
Ashley Lyons,84,64,86,30,1
Gina Barnes,53,85,32,83,1
Tracy Jones,55,76,43,33,1
Sarah Scott,72,44,79,52,1
Jessica Drake,67,66,85,55,1
Daniel Wilson,83,76,32,71,1
Amber Anderson,48,57,76,92,1
Jonathan Griffin,57,45,88,63,1
Scott Evans,88,33,94,59,1
Dana Caldwell,80,50,91,31,1
John Escobar,33,51,75,71,1
Ronald Watts,47,59,87,64,1
Ashley Sanders,42,45,54,86,1
Krystal Bennett,59,66,50,93,1
Christopher Butler,81,91,61,33,1
Trevor Sullivan,33,69,59,52,1
James Wright,95,81,30,58,1
Terry Flores,98,35,76,56,1
Joan Joseph,98,60,70,45,1
Leah Peterson,72,70,42,57,1
Edward Edwards,92,81,57,58,1
Kristen Little,70,47,82,37,1
Jason Alvarado,34,38,80,63,1
David Howell,30,32,47,56,0
Nicholas Wilson,59,80,93,93,1
Benjamin Lawrence,85,43,38,66,1
William Baker,55,50,74,95,1
Kevin Serrano,35,99,78,40,1
Laura Miles,49,46,46,70,1
Katherine Mccoy,46,43,54,97,1
Sara Molina,55,62,33,40,0
Diane Walker,38,84,83,72,1
John Gomez,36,58,98,69,1
Joshua Lopez,79,71,91,98,1
Holly Kane,45,67,52,72,1
Mr. Anthony Woods,100,30,64,31,1
Kevin Smith,57,38,68,53,1
Richard Thomas,43,41,49,85,1
Derrick Buchanan,88,92,70,69,1
Justin Lynch,97,61,52,83,1
Jordan Mendoza,91,84,62,48,1
Jamie Garcia,62,65,64,39,1
Cindy Hardy,46,70,34,85,1
Kyle Young,66,49,30,52,0
Melanie Jackson,82,96,100,59,1
Michelle Johnson,90,70,52,43,1
Nicole Coleman,99,81,67,67,1
James Brooks,31,95,50,88,1
Donna Snow,41,56,48,45,0
Deborah Wells,81,56,79,51,1
Jennifer Pena,35,75,54,80,1
Tim Owens,83,52,74,97,1
Cynthia Vance,91,69,98,77,1
Ashley Lopez,94,58,50,88,1
Richard Evans,41,86,42,38,1
Wendy Pearson,91,39,76,43,1
Joshua Peterson,43,40,93,43,1
Christian Macias,35,42,76,37,0
Mark Kelly,96,80,68,73,1
Summer Graham,36,80,52,75,1
Heather Garza,30,75,47,95,1
Mikayla Lee,69,74,77,71,1
Christian Delgado,100,57,36,57,1
Colin Castaneda,33,98,62,33,1
Lindsey Klein,56,78,39,68,1
Olivia King,38,98,78,78,1
Justin Cummings,97,50,41,70,1
Jimmy Frey,49,38,82,44,1
Kimberly Anderson,30,67,61,33,0
Lawrence Lyons,53,75,84,42,1
Christian Love,87,32,69,81,1
Jonathan Khan,41,80,51,81,1
Shawn Gutierrez,47,92,49,43,1
Brandon Ramirez,47,37,82,71,1
Tony Gilmore,51,64,57,96,1
Robert Wade,51,94,79,37,1
Kimberly Leach,35,34,44,73,0
Jesse Jefferson,99,55,45,65,1
Daniel Meyer,92,96,38,94,1
Kevin Lindsey,75,60,83,72,1
Erica Palmer,64,61,72,32,1
Candace Harvey,77,78,37,30,1
Amber Donaldson,57,61,32,87,1
Matthew Howard,44,75,98,100,1
David Gilmore,78,72,74,67,1
Margaret Hawkins,93,95,33,50,1
Matthew Hayes,77,49,87,81,1
William Brown,95,90,100,52,1
Heather Beard,97,81,90,33,1
Christine Mclaughlin,61,86,67,44,1
Bryan Powell,35,67,44,77,1
Glen Lee,35,72,35,59,1
Cameron Alvarez,58,72,64,49,1
Mark Munoz,43,92,47,34,1
Whitney Baker,71,70,50,78,1
Travis Harris,78,48,51,92,1
Stephanie Brooks,99,93,36,85,1
Peter Rice,34,62,98,43,1
Evan Collins,79,50,67,55,1
Tony Robertson,32,98,93,67,1
Miranda Booth,62,39,57,56,1
Charlene Barnett,34,42,58,40,0
Karen Bartlett,66,81,59,34,1
Angela Romero,76,44,45,63,1
Susan Nielsen,73,93,36,54,1
Kristine Stone,74,86,81,57,1
Michael Bryan,40,78,60,43,1
Troy Walsh,100,35,91,87,1
Brandon Thomas,71,45,98,44,1
Mr. Christopher Thompson,54,97,39,46,1
Jennifer Hudson,88,92,54,95,1
Jacqueline Ortega,70,44,100,56,1
Heather Gentry,97,53,85,42,1
Christina Bell,42,39,78,41,1
Brittney Bates,45,85,49,70,1
Eric Martinez,53,70,85,98,1
Sean Gomez,59,68,53,36,1
James Roberson,41,59,32,35,0
Stephanie Thompson,87,49,62,97,1
April Stevenson,33,75,85,82,1
Nicole Myers,83,61,78,80,1
Jeffrey Burke,79,37,38,78,1
Ricky Ramirez,100,72,73,95,1
Barbara Reynolds,52,78,86,74,1
Melissa Lozano,98,32,79,56,1
Jonathan Gonzalez,71,61,100,90,1
Brandon Abbott,99,84,64,93,1
Trevor Barber,41,89,78,65,1
Gary Brooks,63,82,73,83,1
Timothy Robinson,51,44,35,48,0
Roger Martinez,64,95,85,89,1
Steven Martinez,64,31,53,93,1
Denise Berg,99,41,88,95,1
Marisa Cole,38,78,36,75,1
Robert Taylor,89,62,89,72,1
Emily Gardner,77,85,50,97,1
Anne Allen,54,61,57,78,1
Richard Alexander,36,33,97,41,1
Lisa Lewis,82,70,43,47,1
Jeffrey Bruce,42,51,54,74,1
Karen Howard,30,63,32,80,1
Patricia Blankenship,56,68,35,100,1
John Dixon,58,51,74,50,1
Paul Ross,52,68,35,94,1
Michael Burke,73,41,63,89,1
Mr. Robert Faulkner,54,67,62,41,1
Christine Hinton,88,63,61,100,1
Francisco Williams,47,68,67,33,1
Patrick Fischer,75,91,59,99,1
Joseph Ball,56,92,62,44,1
Matthew Alexander,40,59,47,41,0
Selena Diaz,55,93,87,78,1
Scott Sanders,51,40,86,68,1
Jeffrey Davis,33,99,86,88,1
Danielle James,84,50,34,76,1
Christy Torres,68,47,89,86,1
Nancy Greene,77,34,95,96,1
Ian Stokes,69,87,95,77,1
Laura Weaver,86,58,37,43,1
Michael Jackson,55,30,60,99,1
Hannah Martin,60,96,87,88,1
Mary Rodriguez,73,77,61,58,1
Stacy Sherman,63,44,86,48,1
Heather Williams,69,90,85,94,1
Catherine Morgan,73,76,66,79,1
Taylor Moore,45,68,80,74,1
Juan Rhodes,74,89,84,77,1
Rachel Davis,38,71,45,57,1
Daniel Lowe,60,43,74,58,1
Kyle Ashley,99,48,91,85,1
Brooke Alvarez DVM,84,44,86,58,1
Rebecca Cordova,55,92,54,44,1
Michael Page,54,82,68,35,1
Dale Turner,92,97,68,90,1
Michael Taylor,48,81,82,100,1
Daniel Scott,65,43,96,36,1
Teresa Long,51,97,51,64,1
David Farley,83,68,35,85,1
Caitlyn Butler,61,60,63,95,1
Randy Burch,88,30,77,43,1
Marcus Freeman,53,47,48,40,0
Dana Kerr,86,55,44,32,1
Tanya Pierce,34,68,42,73,1
Charlene Gomez,58,98,40,52,1
Phillip Stewart,99,74,43,43,1
Tyler Boyd,95,65,79,51,1
Joseph Cruz,52,69,86,75,1
Maxwell Little,63,70,53,93,1
Robert Mcdonald,57,34,31,39,0
Jennifer Rios,86,87,90,62,1
Richard White,37,69,44,49,0
Andrew Miller,91,74,33,98,1
Pamela Ford,57,60,67,81,1
Evan Campbell,90,83,75,70,1
Darren Leonard,38,55,76,86,1
Alexander Cowan,63,68,98,100,1
Keith York,54,95,42,56,1
Ashley Wright,32,96,50,94,1
Meghan Mitchell,32,57,35,89,1
Cheryl Mejia,77,90,53,72,1
Joshua Martin,99,73,54,39,1
Lisa Hill,75,41,54,65,1
Robert Allen,93,68,76,39,1
Angela Beltran,51,66,59,51,1
Gregory Peterson,40,92,80,55,1
Justin Cruz,86,53,93,31,1
Vickie Charles,65,84,66,57,1
Terry Frey,87,32,63,92,1
Christina Benitez,100,81,80,90,1
Amanda Perez,76,67,30,95,1
Catherine Keith,55,46,61,47,1
Kevin Davis,65,30,97,45,1
Jesus Wilson,38,38,99,87,1
Bryan Francis,62,31,61,77,1
Reginald Brooks,74,98,66,36,1
Christine Martin,40,92,76,87,1
Mary Miller,69,55,36,83,1
Teresa Ramirez,57,63,54,87,1
Stephanie Robertson,69,74,41,53,1
Ashley Jones,80,32,34,41,0
Paul Maxwell,85,77,81,50,1
Rebecca Daugherty,79,39,73,51,1
Timothy Jones,100,36,88,97,1
Rebecca Cooper,41,35,32,73,0
Kenneth Landry,88,93,71,93,1
Mary Arnold,82,60,35,36,1
Katelyn Becker,100,66,33,66,1
Jeffrey Young,71,73,66,61,1
Jerry Holmes,47,69,82,99,1
Sarah Allen,64,44,30,87,1
Zachary Anderson,42,71,94,54,1
John Allen,90,53,64,94,1
Michael Madden,46,44,98,99,1
Michael Day,81,31,45,50,1
Timothy Gonzalez,43,65,69,92,1
Christopher Pitts,87,36,51,42,1
Laura Williams,34,53,62,35,0
Troy Walsh,42,99,100,44,1
Nicholas Gillespie,43,69,32,89,1
Randy Gray,37,46,95,39,1
Kimberly Freeman,84,32,33,75,1
Jaime Brock,33,36,84,37,0
Jessica Bullock,54,38,56,54,1
Eric Hogan,89,89,33,60,1
Isaac Porter,38,58,88,34,1
Joshua French,51,89,34,83,1
Victoria Cohen,32,50,78,100,1
Mike Dickerson,47,93,45,31,1
Steven Kelley,96,47,55,70,1
Anna Jones,97,75,30,48,1
Kelsey Holland,62,38,87,77,1
Brian Parker,82,73,96,45,1
Brenda Peck,43,75,77,71,1
Michelle Gutierrez,53,84,50,80,1
Neil Brown,61,72,67,66,1
Joshua Wilson,58,46,70,37,1
John Adams,79,91,81,52,1
Thomas Greene,45,79,100,41,1
Debbie Garrett,31,30,76,88,1
Darren Peterson,97,30,41,78,1
Megan Williams,93,95,62,44,1
Lori Carter,89,49,74,32,1
Dan Kelly,89,36,43,95,1
Christopher Melton,65,53,44,33,0
Erik Dawson,42,66,76,31,1
Samantha Brown,95,57,55,47,1
Kenneth Boyd,67,65,68,56,1
Wanda Garcia,59,73,66,37,1
Eric Hansen,92,37,96,51,1
Mark Green,36,44,45,50,0
Joseph Chan,96,84,39,53,1
Sue Robinson,90,68,64,33,1
Rhonda Donovan,62,96,74,65,1
Linda Rivera,39,37,57,49,0
Todd Barnett,83,35,96,88,1
Michelle Smith,68,99,95,94,1
Kurt Richard,31,76,95,53,1
Kristi Hobbs,48,74,30,92,1
Samantha Jenkins,35,33,89,71,1
Gabriela Martinez,71,74,91,52,1
Steven Dean,93,65,89,52,1
Joshua Berry,32,64,65,58,1
Nicholas Harris,86,46,60,66,1
George Chambers DDS,77,80,51,32,1
Caleb Gonzalez,88,49,30,69,1
Jesse Cervantes,43,44,48,57,0
Robert Thomas,37,80,77,43,1
Sheena Taylor,38,98,52,44,1
Brandy Garza,30,49,75,91,1
Rebecca Castro,41,40,41,97,1
Benjamin Nash,69,93,89,38,1
Erin Wright,81,99,55,71,1
Debbie Singh,47,51,77,75,1
Cynthia Hernandez,41,41,36,52,0
Caleb Allen,70,69,96,86,1
Vicki Sanford,90,60,98,45,1
Holly Wong,90,78,100,94,1
Mrs. Jennifer Shelton,98,53,35,77,1
Kimberly Chavez,46,65,80,76,1
Joe Edwards,37,89,36,62,1
Heather Smith,81,83,64,100,1
Deborah Johnson,77,80,75,57,1
David Lewis,68,74,83,100,1
Angie Garcia,81,30,34,46,0
George Eaton,72,41,56,73,1
Mathew Green,80,80,97,50,1
Ashley Gray,96,75,37,82,1
Veronica Bowman,64,76,93,52,1
Margaret Lopez,86,32,87,98,1
Holly Mcdaniel,53,52,92,94,1
James Mosley,98,97,54,48,1
Peter Williams,55,61,30,67,1
Jack Allen,47,61,99,87,1
Roger Green,80,39,91,39,1
Joshua Long,93,62,39,78,1
Kristin Miller,85,97,46,40,1
Jordan Higgins,74,62,80,66,1
Jacob Montgomery,51,52,86,73,1
Tina Baker,88,98,52,73,1
Paige Fisher,77,68,71,98,1
Kristine Jones,30,97,31,86,1
Travis White,32,36,52,40,0
Jessica Doyle,90,57,74,61,1
Michael Campbell,39,86,73,36,1
William Parker,87,31,43,71,1
Sonya Bowman,48,31,51,69,0
Mary Thompson,72,75,97,56,1
Richard Warner,59,97,65,85,1
Mitchell Ellis,49,46,31,82,1
Sherry Pennington,90,59,38,57,1
Maria Mcguire,61,96,44,30,1
Dr. Karen Fischer,30,41,76,53,1
Donna Cook,93,48,74,98,1
Terri King,66,34,57,35,0
Michelle Lopez,73,84,69,94,1
Nathan Gardner,95,82,99,32,1
Corey Smith,100,56,30,56,1
Zachary Robertson,53,86,55,73,1
Joshua Edwards,37,62,65,56,1
Karen Snyder,78,36,30,77,1
Ashley Perry,89,63,79,36,1
Melissa Morgan,66,63,79,89,1
Gregory Brown,69,87,68,38,1
Matthew Baker,71,69,35,51,1
David Decker,68,58,91,59,1
Monique Brown,52,83,69,85,1
Michael Wilson,57,59,54,40,1
Bradley Boyer,61,52,91,43,1
Melanie Conway,61,88,71,91,1
David Anderson,98,73,65,39,1
Beth Lee,56,67,43,46,1
Kevin Hanson,60,100,45,73,1
Sonia Morgan,64,95,56,33,1
Joshua Edwards,69,65,78,75,1
Alejandro Brewer DDS,61,36,79,32,1
Diane Thornton,55,60,59,73,1
Kelly Henderson,67,94,54,100,1
Michael Hernandez,73,59,69,47,1
Patrick Warner,30,32,82,44,0
Kayla Butler,76,95,57,54,1
Kenneth Jacobs,86,66,77,63,1
Timothy Thompson,40,35,47,62,0
Christopher Walton,34,55,83,71,1
Wayne Dean,73,43,98,82,1
Shane Bates,59,52,68,57,1
Juan Cross,98,59,36,39,1
Adam Martinez,61,53,77,94,1
Kathy Olson,63,75,68,75,1
Destiny Carter,89,41,33,48,1
Wesley Grant,89,72,42,58,1
Christopher Henry,46,54,78,71,1
Wendy Phillips,56,85,50,78,1
Margaret Meyers,87,56,64,46,1
Michele Sims,95,49,59,75,1
Samuel Shaw,73,52,91,91,1
Elizabeth Anderson,89,100,43,42,1
Emma Steele,59,65,52,31,1
James Morris,83,39,69,32,1
Jessica Martin,49,96,55,89,1
Sherry Ibarra,72,71,50,33,1
Stephen Adams,97,54,100,82,1
Heather Martinez,56,82,51,53,1
Kenneth Townsend,62,93,74,64,1
Brian Wood,54,39,47,72,1
Stephen Mcmillan,69,31,94,45,1
Joshua Wright,84,78,95,43,1
Kaitlyn Richards,95,35,79,88,1
Jason Williams,88,71,45,77,1
Dr. Vincent Cohen,54,65,88,61,1
Nichole Phillips,37,46,50,48,0
Steven Martin,52,82,38,41,1
Tiffany Kline,95,30,35,86,1
Luke Durham,35,44,79,81,1
Bradley Herring,97,87,70,87,1
Shannon Henson,70,83,92,97,1
David Hoover,54,79,67,71,1
Mr. Charles Gonzalez MD,42,48,47,54,0
Deborah Stein,75,58,53,77,1
Carl Sanchez,79,35,32,41,0
Reginald Baxter,77,50,35,95,1
Renee Ward,45,32,55,44,0
Christopher Scott,99,58,49,86,1
Kelly Carter,97,94,62,76,1
Amy Hays,89,88,51,65,1
Brenda Brooks,88,84,41,88,1
Jason Wells,85,31,76,36,1
Dean Morton,72,45,49,91,1
Jamie Mcbride,74,87,71,81,1
Shawn Williams,81,78,78,95,1
Miranda Juarez,52,92,45,48,1
Michelle Jones,89,96,83,96,1
Tiffany Macias,96,47,31,85,1
Michael Moss,48,62,96,58,1
Jennifer Dalton,55,46,32,32,0
Autumn Smith,85,54,80,81,1
Mackenzie Barber,72,57,95,86,1
Sara Lang,39,73,53,69,1
Christian Hill,54,96,53,50,1
Ann Thompson,82,75,44,33,1
William Glover,56,50,85,58,1
John Barry,70,48,96,77,1
Kiara Palmer,72,54,95,100,1
Cody Combs,58,93,90,73,1
Samuel Douglas,63,98,95,37,1
Brian Roberts Jr.,53,83,63,51,1
Robin Johnson,96,72,37,44,1
Andrew Smith,47,70,60,37,1
Justin Taylor,50,34,33,93,1
Christian Johnson,33,84,88,40,1
Erin Gallegos,79,62,74,43,1
Justin Martinez,46,68,64,79,1
Samuel Russell,42,72,40,90,1
Matthew Rice,83,32,51,52,1
Robyn Williamson,92,64,97,47,1
Megan Harper,73,93,47,45,1
Lauren Burton,98,32,55,54,1
Bonnie Abbott,69,68,80,42,1
Charles Marquez,49,89,48,78,1
Megan Barker,40,62,66,88,1
Michelle Sherman,60,61,34,79,1
Kristin Holmes,62,30,74,84,1
Sheryl Mills,30,66,65,66,1
Emily Salas,89,70,86,85,1
Patrick Tran,57,31,30,86,1
Melissa Kane,72,37,83,88,1
Stacey Robinson,35,86,69,77,1
Anne Foster,82,80,61,95,1
Michael Cross,80,97,41,79,1
Crystal Craig,61,48,48,32,0
John Lewis,85,93,95,89,1
Daniel Wallace,42,76,100,87,1
Andrew Foley,83,79,38,65,1
Marissa Olson,52,39,76,69,1
Patrick Chen,71,65,30,93,1
Teresa Martin,73,35,67,91,1
Curtis Vasquez,97,70,58,97,1
Jennifer Kirk,54,91,37,34,1
Tony Duran,44,91,80,78,1
Stephen Robinson,88,44,84,68,1
Maria Gonzalez,83,42,74,41,1
Nicole Taylor,46,42,62,100,1
